label,io,offered_mps,achieved_mps,size,sent,measured,lost,lost_pct,reordered,bad,tx_refused,msgs_per_flush,p50_us,p90_us,p99_us,p999_us,p9999_us,max_us
udp,udp,20000,20000,100,120000,100000,0,0.0000,0,0,0,1.00,20.22,23.29,28.66,35.82,78.75,386.95
udp,udp,200000,199999,100,1200000,1000000,3,0.0003,0,0,0,2.07,41.23,54.14,70.47,86.09,124.16,323.67
uring,uring,20000,20000,100,120000,100000,0,0.0000,0,0,0,1.00,25.65,29.32,37.23,42.69,48.98,74.13
uring,uring,200000,199999,100,1200000,1000000,0,0.0000,0,0,0,3.82,61.31,82.14,111.46,228.20,340.17,397.33
tcp,tcp,20000,20000,100,120000,100000,0,0.0000,0,0,0,1.00,22.15,25.19,30.84,36.43,41.08,45.41
tcp,tcp,200000,200000,100,1200000,1000000,0,0.0000,0,0,0,1.67,33.99,42.38,53.92,65.93,266.67,490.55
xdp,xdp,20000,20000,100,120000,100000,0,0.0000,0,0,0,1.00,14.24,15.67,22.06,25.29,30.78,274.54
xdp,xdp,200000,200000,100,1200000,1000000,2,0.0002,0,0,1143,1.06,16.25,18.83,24.40,28.91,232.30,464.22
tcp-xdp,tcp-xdp,20000,1032,100,120000,100000,89310,89.3100,0,0,96944,3.44,16.77,18.39,26.02,30.95,33.83,34.54
tcp-xdp,tcp-xdp,200000,10340,100,1200000,1000000,956894,95.6894,0,0,103229,4.56,18.97,23.28,31.18,37.68,47.42,54.81
xdp-copy,xdp,20000,20000,100,120000,100000,0,0.0000,0,0,0,1.00,12.84,13.78,20.38,24.12,28.48,30.50
xdp-copy,xdp,200000,200000,100,1200000,1000000,1,0.0001,0,0,0,1.00,12.91,16.88,22.23,27.73,33.24,199.52
tcp-xdp-copy,tcp-xdp,20000,20000,100,120000,100000,0,0.0000,0,0,0,1.00,15.55,17.89,25.21,28.51,34.68,39.17
tcp-xdp-copy,tcp-xdp,200000,200000,100,1200000,1000000,0,0.0000,0,0,0,1.00,18.78,24.14,33.77,42.04,48.77,84.06
